{
  "Alexandra Hospital": [
    1.2860027,
    103.8001246
  ],
  "Anglo-Chinese School": [
    1.280136,
    103.8444583
  ],
  "Balestier Plain": [
    1.3182711,
    103.8527703
  ],
  "Battle at Adam Park": [
    1.328969,
    103.8119612
  ],
  "Battle at Bukit Timah": [
    1.3486899,
    103.7748333
  ],
  "Battle at Kranji Beach": [
    1.439181,
    103.7358013
  ],
  "Battle at Pasir Panjang": [
    1.283584,
    103.7886227
  ],
  "Batu Berlayar": [
    1.262409,
    103.805249
  ],
  "Beach Road Police Station": [
    1.297107688,
    103.8574036
  ],
  "Block A of Phoenix Park": [
    1.298427,
    103.815581
  ],
  "Bukit Batok Memorials": [
    1.35092,
    103.766786
  ],
  "Central Sikh Temple": [
    1.300181564,
    103.8538771
  ],
  "Changi Beach Massacre": [
    1.391682,
    103.990406
  ],
  "Changi Murals": [
    1.362407,
    103.974011
  ],
  "Chen Wen Hsi Historic Marker": [
    1.319267,
    103.804529
  ],
  "Chui Eng Free School": [
    1.283122,
    103.848333
  ],
  "Clifford Pier": [
    1.283952,
    103.853195
  ],
  "Custom House, Maxwell Road": [
    1.277127,
    103.8467
  ],
  "Deng Xiaoping Historic Marker": [
    1.286725,
    103.851635
  ],
  "Ee Hoe Hean Club": [
    1.279586,
    103.840378
  ],
  "Execution of Captured Rimau Commandos Historic Marker": [
    1.308817,
    103.772817
  ],
  "Farrer Park Field": [
    1.30897042,
    103.85545358
  ],
  "Force 136 Historic Marker": [
    1.341556,
    103.831334
  ],
  "Fort Canning Command Centre": [
    1.295733,
    103.846467
  ],
  "Fuk Tak Chi": [
    1.328969001,
    103.8141499
  ],
  "Gan Eng Seng School": [
    1.289968916,
    103.823715
  ],
  "Geylang Serai": [
    1.316586001,
    103.8983411
  ],
  "Havelock Road Camp / River Valley Road Camp": [
    1.2932738,
    103.826666
  ],
  "Ho Chi Minh Historic Marker": [
    1.286751,
    103.85193
  ],
  "Indian National Army Memorial": [
    1.289330913,
    103.8537139
  ],
  "Institute of Mental Health": [
    1.381606,
    103.884552
  ],
  "Jalan Besar Stadium": [
    1.310172,
    103.859577
  ],
  "Japanese Propaganda Department": [
    1.29911,
    103.847561
  ],
  "Jawaharlal Nehru Historic Marker": [
    1.286829,
    103.851466
  ],
  "Johore Battery": [
    1.365214,
    103.979494
  ],
  "Jose Rizal Historic Marker": [
    1.287113,
    103.852314
  ],
  "Joseph Conrad Historic Marker": [
    1.286300937,
    103.8527599
  ],
  "Jurong-Kranji Defence Line": [
    1.353080436,
    103.717026
  ],
  "Kallang Airport": [
    1.308732,
    103.872769
  ],
  "Kallang Gasworks": [
    1.306284,
    103.866986
  ],
  "Kandang Kerbau Hospital": [
    1.307107872,
    103.8490737
  ],
  "Katong Park": [
    1.296850263,
    103.8861191
  ],
  "Kempeitai East District Branch": [
    1.297451,
    103.848535
  ],
  "Keppel Harbour": [
    1.263159,
    103.821112
  ],
  "Kwan Im Thong Hood Cho Temple": [
    1.30073,
    103.853011
  ],
  "Labrador Battery": [
    1.266983,
    103.801797
  ],
  "Lower Barracks": [
    1.282032,
    103.841196
  ],
  "Lower Peirce Reservoir": [
    1.370419,
    103.826133
  ],
  "MacRitchie Reservoir": [
    1.341976,
    103.832463
  ],
  "Merdeka Bridge": [
    1.303667216,
    103.8674197
  ],
  "Methodist Girls\u2019 School": [
    1.302055999,
    103.8501689
  ],
  "Middle Road Church": [
    1.299711,
    103.852199
  ],
  "National Theatre": [
    1.293482,
    103.844597
  ],
  "Omar Kampong Malacca Mosque": [
    1.287988,
    103.844013
  ],
  "Outram Road Prison": [
    1.281649183,
    103.8389316
  ],
  "Oversea-Chinese Banking Corporation": [
    1.285334919,
    103.8491289
  ],
  "Pasir Panjang Machine-Gun Pillbox": [
    1.288811,
    103.7781
  ],
  "Pearl\u2019s Hill School": [
    1.28667,
    103.84174
  ],
  "Peoples\u2019 Defence Force Headquarters": [
    1.296047705,
    103.8562852
  ],
  "Phoenix Park": [
    1.297748,
    103.816786
  ],
  "Pondok Peranakan Gelam Club": [
    1.28160779,
    103.8460549
  ],
  "Pulau Sejahat": [
    1.391601,
    103.990558
  ],
  "Punggol Beach Massacre": [
    1.421433,
    103.910631
  ],
  "Queen Elizabeth Walk": [
    1.288977,
    103.853642
  ],
  "Queenstown Historic Marker": [
    1.300117128,
    103.7980109
  ],
  "Raffles Girls\u2019 School": [
    1.294978563,
    103.84993
  ],
  "Raffles Institution": [
    1.293839,
    103.852397
  ],
  "Raffles Place": [
    1.284091,
    103.851401
  ],
  "Republic of Singapore Yacht Club": [
    1.292769,
    103.762704
  ],
  "Sakya Muni Buddha Gaya Temple": [
    1.31472192,
    103.8568569
  ],
  "Sarimbun Beach Landing": [
    1.436789,
    103.699254
  ],
  "Seletar Airfield": [
    1.402473563,
    103.871379
  ],
  "Sentosa Beach ": [
    1.252663,
    103.837331
  ],
  "Silat Road Sikh Temple": [
    1.277183,
    103.832562
  ],
  "Sime Road Camp": [
    1.335640933,
    103.818207
  ],
  "Sime Road Machine-Gun Pillbox": [
    1.340344,
    103.811494
  ],
  "Singapore Armed Forces Warrant Officers and Specialists Club": [
    1.294459962,
    103.8552256
  ],
  "Singapore Badminton Hall": [
    1.31013,
    103.881755
  ],
  "Singapore Chin Kang Huay Kuan": [
    1.279267001,
    103.8405591
  ],
  "Singapore Chinese Girls\u2019 School": [
    1.302537,
    103.839067
  ],
  "Singapore Polytechnic": [
    1.274261,
    103.848261
  ],
  "Sook Ching Inspection Centre": [
    1.283834,
    103.846073
  ],
  "Sri Krishnan Temple": [
    1.300478,
    103.85291
  ],
  "Sri Senpaga Vinayagar Temple": [
    1.305688,
    103.902635
  ],
  "St. Margaret\u2019s School": [
    1.304081,
    103.84627
  ],
  "Syonan Jinja": [
    1.328969001,
    103.8141499
  ],
  "Tan Tock Seng Hospital": [
    1.320937188,
    103.8448829
  ],
  "The First Public Dental Clinic and School": [
    1.279473389,
    103.837975
  ],
  "The Founding of Boys\u2019 Brigade in Singapore": [
    1.301665999,
    103.8512129
  ],
  "The Gate of Hope": [
    1.295832,
    103.851894
  ],
  "Trinity Theological College": [
    1.301193747,
    103.8466753
  ],
  "United Chinese Library": [
    1.294558,
    103.849456
  ],
  "United Engineers Limited": [
    1.293017,
    103.843108
  ],
  "United Overseas Bank": [
    1.285351437,
    103.850366
  ],
  "Upper Barracks": [
    1.284644,
    103.841789
  ],
  "Upper Seletar Reservoir": [
    1.400915,
    103.806657
  ],
  "Victoria Memorial Hall": [
    1.288333,
    103.851815
  ],
  "Withdrawal to Singapore": [
    1.448855,
    103.771405
  ],
  "Yeung Ching School": [
    1.281559869,
    103.8462587
  ]
}