{
  "BUANGKOK": [
    [
      1.38216324197588,
      103.893146827404
    ],
    81
  ],
  "SENGKANG": [
    [
      1.39085757553574,
      103.895300986794
    ],
    69
  ],
  "YIO CHU KANG": [
    [
      1.38217333197858,
      103.84427960206
    ],
    82
  ],
  "EXPO": [
    [
      1.335204322277705,
      103.96238050364349
    ],
    26
  ],
  "BEDOK": [
    [
      1.32384182235638,
      103.929859078336
    ],
    39
  ],
  "KEMBANGAN": [
    [
      1.32081140240552,
      103.912397526716
    ],
    40
  ],
  "EUNOS": [
    [
      1.31963663196537,
      103.90302220539
    ],
    41
  ],
  "TAMPINES": [
    [
      1.35508165997184,
      103.9431186875035
    ],
    40
  ],
  "COMMONWEALTH": [
    [
      1.30278285762641,
      103.797777534416
    ],
    70
  ],
  "BUONA VISTA": [
    [
      1.30585735242083,
      103.790392821503
    ],
    72
  ],
  "DOVER": [
    [
      1.3114300304485,
      103.778370906556
    ],
    72
  ],
  "HOUGANG": [
    [
      1.37185799468263,
      103.890231537255
    ],
    83
  ],
  "MARSILING": [
    [
      1.43245702244493,
      103.773550160653
    ],
    104
  ],
  "SEMBAWANG": [
    [
      1.44884711412338,
      103.819727057641
    ],
    96
  ],
  "WOODLANDS": [
    [
      1.43653191149168,
      103.785705842133
    ],
    99
  ],
  "YISHUN": [
    [
      1.42930825458239,
      103.835074105665
    ],
    68
  ],
  "PUNGGOL": [
    [
      1.40472215581355,
      103.902268512135
    ],
    76
  ],
  "CHOA ": [
    [
      1.38527561751461,
      103.744106037612
    ],
    96
  ],
  "YEW TEE": [
    [
      1.39713488963351,
      103.747406162943
    ],
    99
  ],
  "BUKIT GOMBAK": [
    [
      1.35818887593322,
      103.75199562073
    ],
    93
  ],
  "NEWTON": [
    [
      1.31357895255932,
      103.838016219263
    ],
    68
  ],
  "KALLANG": [
    [
      1.31140491532864,
      103.871245166007
    ],
    47
  ],
  "POTONG PASIR": [
    [
      1.33057042871827,
      103.869052871702
    ],
    73
  ],
  "BOON KENG": [
    [
      1.31967380050244,
      103.861715490506
    ],
    70
  ],
  "DHOBY GHAUT": [
    [
      1.2986786143261,
      103.846111616094
    ],
    67
  ],
  "OUTRAM PARK": [
    [
      1.28157040780332,
      103.83928991516
    ],
    60
  ],
  "FARRER ROAD": [
    [
      1.31740665993945,
      103.807521427307
    ],
    85
  ],
  "TELOK BLANGAH": [
    [
      1.270450532202535,
      103.8097416984005
    ],
    82
  ],
  "LABRADOR PARK": [
    [
      1.272102463038685,
      103.802629856273
    ],
    83
  ],
  "BOON LAY": [
    [
      1.338422974845705,
      103.704333915891
    ],
    86
  ],
  "BUONA": [
    [
      1.309750307803585,
      103.791238154427
    ],
    74
  ],
  "CHU KANG": [
    [
      1.385259822646315,
      103.7444483656435
    ],
    96
  ],
  "GARDENS": [
    [
      1.3224018398431951,
      103.81639220129901
    ],
    75
  ],
  "MACPHERSON": [
    [
      1.32636463416324,
      103.890306656226
    ],
    51
  ],
  "TAI SENG": [
    [
      1.33552173419793,
      103.888296249134
    ],
    65
  ],
  "MOUNTBATTEN": [
    [
      1.3059190671746,
      103.8820172379915
    ],
    57
  ],
  "PROMENADE": [
    [
      1.29272289572142,
      103.860897344781
    ],
    67
  ],
  "HAW PAR VILLA": [
    [
      1.28291453151237,
      103.781412769538
    ],
    90
  ],
  "PASIR PANJANG": [
    [
      1.27633561508044,
      103.790667207803
    ],
    87
  ],
  "SERANGOON": [
    [
      1.35075723235078,
      103.871763170421
    ],
    66
  ],
  "BEDOK NORTH": [
    [
      1.33475263081907,
      103.917595204788
    ],
    47
  ],
  "KAKI BUKIT": [
    [
      1.33479585062959,
      103.908329054925
    ],
    49
  ],
  "BEDOK RESERVOIR": [
    [
      1.336406288701645,
      103.93217672915651
    ],
    44
  ],
  "GEYLANG BAHRU": [
    [
      1.32151481271317,
      103.871972060772
    ],
    56
  ],
  "UBI": [
    [
      1.329824583622605,
      103.8992561035625
    ],
    52
  ],
  "JALAN BESAR": [
    [
      1.305559752166375,
      103.8554919228065
    ],
    62
  ],
  "ORCHARD BOULEVARD": [
    [
      1.30240246527113,
      103.823952336647
    ],
    83
  ],
  "MAXWELL": [
    [
      1.28046324360043,
      103.843772420219
    ],
    65
  ],
  "HILLVIEW": [
    [
      1.36202999465646,
      103.767526438783
    ],
    85
  ],
  "BUKIT PANJANG": [
    [
      1.37950913341157,
      103.761319258645
    ],
    88
  ],
  "WOODLANDS SOUTH": [
    [
      1.42714560190009,
      103.7937481663325
    ],
    103
  ],
  "WOODLANDS NORTH": [
    [
      1.4482598086294098,
      103.785658942368
    ],
    110
  ],
  "BISHAN": [
    [
      1.35050539368304,
      103.848178128523
    ],
    68
  ],
  "NICOLL HIGHWAY": [
    [
      1.2997218695287551,
      103.8635469316605
    ],
    64
  ],
  "BARTLEY": [
    [
      1.34287458146208,
      103.8798537963705
    ],
    63
  ],
  "ONE-NORTH": [
    [
      1.29920907541704,
      103.787261752789
    ],
    84
  ],
  "REDHILL": [
    [
      1.28974156104041,
      103.816287836072
    ],
    65
  ],
  "TIONG BAHRU": [
    [
      1.28624200065218,
      103.826326505379
    ],
    64
  ],
  "MARYMOUNT": [
    [
      1.3484524662913,
      103.839496019729
    ],
    71
  ],
  "NOVENA": [
    [
      1.32015682352872,
      103.843715544085
    ],
    74
  ],
  "SPRINGLEAF": [
    [
      1.398176473162625,
      103.817960933961
    ],
    78
  ],
  "SIXTH AVENUE": [
    [
      1.33083425028905,
      103.797392817412
    ],
    77
  ],
  "STEVENS": [
    [
      1.319504523062345,
      103.8254295233605
    ],
    72
  ],
  "HARBOURFRONT": [
    [
      1.26513306422402,
      103.820840757121
    ],
    75
  ],
  "GARDENS BY THE BAY": [
    [
      1.27862598919158,
      103.867607320753
    ],
    93
  ],
  "LITTLE INDIA": [
    [
      1.30752281600688,
      103.850085653878
    ],
    67
  ],
  "BEAUTY WORLD": [
    [
      1.34163539051744,
      103.775766635976
    ],
    79
  ],
  "CANBERRA": [
    [
      1.44354013277492,
      103.829196864009
    ],
    92
  ],
  "WOODLEIGH": [
    [
      1.33862499725312,
      103.870911943187
    ],
    80
  ],
  "MARINE PARADE": [
    [
      1.30256394967458,
      103.90515373315199
    ],
    59
  ],
  "SIGLAP": [
    [
      1.30974207821569,
      103.929833496163
    ],
    52
  ],
  "TENGAH": [
    [
      1.36633904578021,
      103.730046236362
    ],
    145
  ],
  "HONG KAH": [
    [
      1.35807194773328,
      103.726092119338
    ],
    149
  ],
  "TENGAH PLANTATION": [
    [
      1.35733820919974,
      103.733457189547
    ],
    106
  ],
  "PIONEER": [
    [
      1.33746703346892,
      103.69724910850951
    ],
    87
  ],
  "BAHAR JUNCTION": [
    [
      1.346304875595945,
      103.70353669993099
    ],
    98
  ],
  "GEK POH": [
    [
      1.34821887726949,
      103.698099250583
    ],
    105
  ],
  "ENTERPRISE": [
    [
      1.3322981321221499,
      103.708606902952
    ],
    106
  ],
  "TAWAS": [
    [
      1.35054101424402,
      103.6918417242855
    ],
    121
  ],
  "PENG KANG HILL": [
    [
      1.34308495330192,
      103.67847233209099
    ],
    122
  ],
  "NANYANG CRESCENT": [
    [
      1.34833933524044,
      103.68095478485
    ],
    108
  ],
  "TUKANG": [
    [
      1.325567491542905,
      103.7090715170025
    ],
    115
  ],
  "BAYSHORE": [
    [
      1.31286955054771,
      103.94186663653
    ],
    47
  ],
  "BEDOK SOUTH": [
    [
      1.3164099938116,
      103.949191842688
    ],
    50
  ],
  "MARINE TERRACE": [
    [
      1.306886500611695,
      103.9157580750025
    ],
    54
  ],
  "CHOA CHU KANG WEST": [
    [
      1.37921829672166,
      103.740007316392
    ],
    111
  ],
  "TUAS WEST ROAD": [
    [
      1.32993650839962,
      103.639490238961
    ],
    97
  ],
  "TUAS LINK": [
    [
      1.3402277946688002,
      103.636871089997
    ],
    99
  ],